<?xml version="1.0" encoding="UTF-8"?>
<beans:beans xmlns="http://www.springframework.org/schema/mvc"
	xmlns:xsi="http://www.w3.org/2001/XMLSchema-instance"
	xmlns:beans="http://www.springframework.org/schema/beans"
	xmlns:context="http://www.springframework.org/schema/context"
	xmlns:tx="http://www.springframework.org/schema/tx"
	xsi:schemaLocation="http://www.springframework.org/schema/mvc https://www.springframework.org/schema/mvc/spring-mvc.xsd
		http://www.springframework.org/schema/beans https://www.springframework.org/schema/beans/spring-beans.xsd
		http://www.springframework.org/schema/context https://www.springframework.org/schema/context/spring-context.xsd
		http://www.springframework.org/schema/tx http://www.springframework.org/schema/tx/spring-tx-4.3.xsd">

	<!-- DispatcherServlet Context: defines this servlet's request-processing infrastructure -->
	
	<!-- Enables the Spring MVC @Controller programming model -->
	<annotation-driven />

	<!-- Handles HTTP GET requests for /resources/** by efficiently serving up static resources in the ${webappRoot}/resources directory -->
	<resources mapping="/resources/**" location="/resources/" />
	<resources mapping="/html/**" location="/resources/html/" />
	<resources mapping="/style/**" location="/resources/style/" />
	<resources mapping="/js/**" location="/resources/js/" />
	<resources mapping="/images/**" location="/resources/images/" />
	<resources mapping="/txt/**" location="/resources/txt/" />

	<!-- Resolves views selected for rendering by @Controllers to .jsp resources in the /WEB-INF/views directory -->
	<beans:bean class="org.springframework.web.servlet.view.InternalResourceViewResolver">
		<beans:property name="prefix" value="/WEB-INF/views/" />
		<beans:property name="suffix" value=".jsp" />
	</beans:bean>
	
	<context:component-scan base-package="com.ezen.mini" />
	
		<!-- [JDBC] -->
	
	<!-- JDBC Bean Setting -->
	<beans:bean id="dataSource" class="org.springframework.jdbc.datasource.DriverManagerDataSource">
		<beans:property name="driverClassName" value="oracle.jdbc.driver.OracleDriver" />
		<beans:property name="url" value="jdbc:oracle:thin:@localhost:1521:XE" />
		<beans:property name="username" value="scott" />
		<beans:property name="password" value="tiger" />
	</beans:bean>
	
	<!-- JDBCTemplate Bean Setting (ref = JDBC) -->
	<beans:bean name="template" class="org.springframework.jdbc.core.JdbcTemplate">
		<beans:property name="dataSource" ref="dataSource" />
	</beans:bean>

	<!-- [Transaction] -->

	<!-- TrasactionManager Bean Setting -->
	<beans:bean name="transactionManager" class="org.springframework.jdbc.datasource.DataSourceTransactionManager">
		<beans:property name="dataSource" ref="dataSource" />
	</beans:bean>
	
	<!-- TrasactionTemplate Bean Setting (ref = TransactionManager) -->
	<beans:bean name="transactionTemplate" class="org.springframework.transaction.support.TransactionTemplate">
		<beans:property name="transactionManager" ref="transactionManager" />
	</beans:bean>
	
	<tx:annotation-driven transaction-manager="transactionManager"/>	

	<!-- [fileIO] -->
	
	<!-- Commons-FileIO Bean Setting -->
	<beans:bean id="multipartResolver" class="org.springframework.web.multipart.commons.CommonsMultipartResolver">
	       <!-- max upload size in bytes --> 
	       <beans:property name="maxUploadSize" value="5242880" /> 
	       <!-- 5MB -->
	       
	       <!-- max size of file in memory (in bytes)  disk저장전 memory저장 용량 -->  	
	       <beans:property name="maxInMemorySize" value="1048576" /> 
	       <!-- 1MB --> 
	</beans:bean>
	
	
	<!-- [MyBatis] -->

	<beans:bean id="sqlSessionFactory" class="org.mybatis.spring.SqlSessionFactoryBean">
		<beans:property name="dataSource" ref="dataSource" />
		<beans:property name="mapperLocations" value="classpath:com/ezen/mini/dao/mapper/*.xml" />
	</beans:bean>	
	
	<beans:bean id="sqlSession" class="org.mybatis.spring.SqlSessionTemplate">
		<beans:constructor-arg index="0" ref="sqlSessionFactory" />
	</beans:bean>

	<!-- 암호화 bean : password를 암호화시켜주는 encoder -->
	<beans:bean name="passwordEncoder" class="org.springframework.security.crypto.bcrypt.BCryptPasswordEncoder"/>
	
</beans:beans>
